X,Y,a,b,c,y0,psi_0
0,0,185.2218117082,-0.0051651232,-2.6177723855,-19.7771390058,1.2037
0.0074211081,0.0193018077,123.4328459545,-0.0098961886,2.5591927803,,
0.0080810323,0.0210180819,19.3399920799,-0.0341821811,2.001815596,,
0.0089217051,0.0232043972,7.9164604283,-0.0445276939,1.8052939979,,
0.009950389,0.0258796157,20.5870456641,-0.0254395043,1.3395893257,,
0.0111782468,0.0290727351,14.8157021237,-0.0226083922,3.1041254793,,
0.012620684,0.0328237768,5.3538174185,-0.0537719627,-2.3349502606,,
0.0142949505,0.0371775462,2.5473327772,-0.0695213391,1.4608436947,,
0.0162192064,0.0421812013,,,,,
0.0184125683,0.0478843691,,,,,
0.0208951643,0.0543392865,,,,,
0.023688277,0.0616011683,,,,,
0.0268149539,0.0697297889,,,,,
0.0303080236,0.0788103164,,,,,
0.0342319635,0.0890101365,,,,,
0.0386899968,0.1005972544,,,,,
0.0438082907,0.1138991603,,,,,
0.0497025427,0.1292159358,,,,,
0.0564584619,0.146769513,,,,,
0.0641508973,0.1667533745,,,,,
0.0728588406,0.1893715003,,,,,
0.082664268,0.2148353101,,,,,
0.0936570965,0.2433764763,,,,,
0.1060071501,0.2754336247,,,,,
0.1200164565,0.3117876641,,,,,
0.1361201871,0.3535635204,,,,,
0.1548270674,0.4020746677,,,,,
0.1766682741,0.4586897076,,,,,
0.2022260198,0.5249054555,,,,,
0.2320882964,0.6022283866,,,,,
0.2667957907,0.692035989,,,,,
0.3068966654,0.7957173675,,,,,
0.3530156574,0.9148500209,,,,,
0.4057991058,1.0510552353,,,,,
0.4657671747,1.2056148857,,,,,
0.5334329643,1.3797776021,,,,,
0.6093443323,1.5748641064,,,,,
0.6939744104,1.7919834413,,,,,
0.7877171802,2.0320208939,,,,,
0.8908985045,2.2956659317,,,,,
1.0037881581,2.5834427735,,,,,
1.1266126366,2.8957429116,,,,,
1.2595664397,3.2328536056,,,,,
1.4028211285,3.5949805359,,,,,
1.5565320104,3.9822642598,,,,,
1.7208425939,4.3947908741,,,,,
1.8958873127,4.8325982118,,,,,
2.081792969,5.2956787606,,,,,
2.2786781256,5.7839774692,,,,,
2.48665311,6.2973911514,,,,,
2.7058216778,6.8357720168,,,,,
2.9362819091,7.3989292671,,,,,
3.178126124,7.9866282922,,,,,
3.4314319253,8.5985685582,,,,,
3.696337673,9.2345644302,,,,,
3.9730167164,9.8944782183,,,,,
4.2615743593,10.5779727744,,,,,
4.5620449812,11.2845091982,,,,,
4.8744225193,12.0134231872,,,,,
5.1987064998,12.7640345722,,,,,
5.5349054647,13.5356544981,,,,,
5.8829438766,14.3273735905,,,,,
6.2425447972,15.1378077358,,,,,
6.613673977,15.9661072883,,,,,
6.9964247834,16.8116784561,,,,,
7.3908968285,17.6739046757,,,,,
7.797166952,18.5520829622,,,,,
8.215288552,19.4454248862,,,,,
8.6452968418,20.3530704322,,,,,
9.0872207515,21.2741151356,,,,,
9.5411822708,22.2078141798,,,,,
10.007516278,23.1538108958,,,,,
10.4867029257,24.1119710401,,,,,
10.9793851293,25.0823931313,,,,,
11.4864156198,26.0654705494,,,,,
12.0088692831,27.061876701,,,,,
12.5480012491,28.0724438364,,,,,
13.1051776251,29.0979969859,,,,,
13.6818199035,30.13922383,,,,,
14.2793082278,31.1964825148,,,,,
14.8989123539,32.2696777454,,,,,
15.5416939972,33.3581061251,,,,,
16.2085556059,34.4605670236,,,,,
16.9002555996,35.5754127168,,,,,
17.6173061931,36.7004171721,,,,,
18.3600205432,37.8329008435,,,,,
19.1286031119,38.9699116397,,,,,
19.9232204925,40.1083579355,,,,,
20.7439682306,41.2449828539,,,,,
21.5908343338,42.3763460818,,,,,
22.463670643,43.4988290746,,,,,
23.3622452553,44.6087497836,,,,,
24.2862540063,45.7024161843,,,,,
25.2353216325,46.7761661855,,,,,
26.2090179955,47.8264238213,,,,,
27.2068875344,48.8497637512,,,,,
28.2284342659,49.8429239737,,,,,
29.2730802883,50.8027988851,,,,,
30.3401834319,51.7264939885,,,,,
31.4289717701,52.6113077501,,,,,
32.5385080297,53.4547534894,,,,,
33.6677422696,54.2546488063,,,,,
34.8155653727,55.0091844001,,,,,
35.9808179956,55.7169456798,,,,,
37.1623092047,56.376931925,,,,,
38.3588537816,56.9885742301,,,,,
39.5693015527,57.5517350517,,,,,
40.7925409882,58.0666861272,,,,,
42.0275066654,58.5340843168,,,,,
43.2731974758,58.9549471303,,,,,
44.5286881537,59.3306210561,,,,,
45.7931083161,59.6627393639,,,,,
47.0655881781,59.9531778558,,,,,
48.3452826344,60.2040355401,,,,,
49.6313747741,60.417607225,,,,,
50.923075517,60.596355417,,,,,
52.2196349304,60.7428842402,,,,,
53.5203615722,60.8599135556,,,,,
54.8246296072,60.9502517605,,,,,
56.1318752216,61.0167699341,,,,,
57.4415705906,61.0623785944,,,,,
58.7532462668,61.0900099959,,,,,
60.0665374484,61.1026011249,,,,,
61.3810989129,61.1030776271,,,,,
62.6965949023,61.0943442386,,,,,
64.0127180327,61.0792763379,,,,,
65.3292025119,61.0607122848,,,,,
66.6457992149,61.0414477529,,,,,
67.9622674015,61.0242311997,,,,,
69.2783486863,61.0117600638,,,,,
70.5938323651,61.0066763799,,,,,
71.9085600558,61.0115648884,,,,,
73.2223825387,61.0289520041,,,,,
74.5351553888,61.061304243,,,,,
75.8467243462,61.111025939,,,,,
77.1569176244,61.1804559161,,,,,
78.4655613592,61.271864656,,,,,
79.7724819536,61.3874512399,,,,,
81.0774736582,61.5293360744,,,,,
82.3803098795,61.6995550874,,,,,
83.6807765347,61.9000581424,,,,,
84.9786756675,62.1327061179,,,,,
86.2738208775,62.3992667854,,,,,
87.5660408009,62.7014119833,,,,,
88.8551826717,63.0407154391,,,,,
90.1411124458,63.4186502843,,,,,
91.4236980029,63.836580977,,,,,
92.702741789,64.2957330159,,,,,
93.9779253904,64.7971534487,,,,,
95.2488270931,65.3416910983,,,,,
96.5149424979,65.9299806892,,,,,
97.7757101843,66.562433509,,,,,
99.030425332,67.2391713453,,,,,
100.2782813213,67.9600174891,,,,,
101.5184133921,68.7244992697,,,,,
102.7498682708,69.5318123263,,,,,
103.9716517504,70.3808355517,,,,,
105.1827278476,71.2701232974,,,,,
106.3820330504,72.1979122824,,,,,
107.5684879376,73.1621328053,,,,,
108.7409753572,74.1603967672,,,,,
109.8983786973,75.1900385099,,,,,
111.0395747113,76.2481245428,,,,,
112.1635020215,77.3315388243,,,,,
113.2691760801,78.4370307131,,,,,
114.3556558823,79.561216441,,,,,
115.4219951154,80.7005573955,,,,,
116.4672182816,81.8513572476,,,,,
117.4903412603,83.0098064553,,,,,
118.4903135083,84.1719390449,,,,,
119.4660420157,85.3336783409,,,,,
120.4164046371,86.4908744042,,,,,
121.3402901427,87.6393771418,,,,,
122.2366255337,88.7750981849,,,,,
123.1043596995,89.8940177304,,,,,
123.9424746371,90.9922230144,,,,,
124.7500038672,92.0659549942,,,,,
125.5260404277,93.1116396616,,,,,
126.2697025073,94.1258583724,,,,,
126.9801055375,95.1053204002,,,,,
127.6564307414,96.0469652436,,,,,
128.2979384551,96.9479894635,,,,,
128.9039300269,97.8057977931,,,,,
129.4736892497,98.6179194401,,,,,
130.006497795,99.3820255127,,,,,
130.5017945131,100.0961538376,,,,,
130.959289175,100.7588724396,,,,,
131.3790669523,101.3694302915,,,,,
131.7616628344,101.9278635037,,,,,
132.1080041892,102.4349063362,,,,,
132.4195561849,102.8921958968,,,,,
132.6984359293,103.3024317813,,,,,
132.9473345983,103.6692525329,,,,,
133.1695400415,103.9972581946,,,,,
133.3687791273,104.2917666076,,,,,
133.5488749415,104.558294741,,,,,
133.7134989183,104.8021795207,,,,,
133.8660951098,105.0284547876,,,,,
134.0098919324,105.2418603149,,,,,
134.147768026,105.4466363674,,,,,
134.2820398751,105.646202749,,,,,
134.4146810352,105.8434800311,,,,,
134.5474162489,106.0410267728,,,,,
134.6817799149,106.2411247021,,,,,
134.8191581794,106.4458401197,,,,,
134.960813519,106.6570595954,,,,,
135.1079159494,106.8765357752,,,,,
135.2615106408,107.1058384186,,,,,
135.4225887452,107.346459466,,,,,
135.5921018856,107.5998341996,,,,,
135.7709297426,107.8672922248,,,,,
135.9598652643,108.1500345426,,,,,
136.1597071151,108.4492710266,,,,,
136.3713391539,108.7663387696,,,,,
136.5957333154,109.1027057322,,,,,
136.8339374754,109.4599515457,,,,,
137.0870125186,109.8396716016,,,,,
137.3560195794,110.2434557231,,,,,
137.6421481667,110.6730778019,,,,,
137.946695863,111.130462065,,,,,
138.2709961497,111.6175703017,,,,,
138.6164003135,112.1363690299,,,,,
138.9842901258,112.6888415255,,,,,
139.3760607829,113.2769535893,,,,,
139.793058599,113.9025496552,,,,,
140.2365364074,114.5672738718,,,,,
140.7076767705,115.2725912146,,,,,
141.2075693807,116.0197380829,,,,,
141.7372154824,116.809711633,,,,,
142.2974730018,117.6431691737,,,,,
142.8890245837,118.5203614727,,,,,
143.5123871027,119.4411277076,,,,,
144.1679556037,120.4049408138,,,,,
144.8560461837,121.4109498481,,,,,
145.5768124291,122.4578374251,,,,,
146.3302780976,123.543850359,,,,,
147.1165272717,124.6670546408,,,,,
147.9356262146,125.8251986964,,,,,
148.7875478928,127.0155870376,,,,,
149.6721361601,128.2350182564,,,,,
150.5890783164,129.4797433316,,,,,
151.5379241211,130.7454959673,,,,,
152.5181376976,132.0275711593,,,,,
153.5290932589,133.3208325898,,,,,
154.5699986957,134.6196400736,,,,,
155.6398931866,135.9178908069,,,,,
156.737674067,137.2091078585,,,,,
157.8621170221,138.4865278649,,,,,
159.0118838341,139.7431821973,,,,,
160.1855347625,140.9719915555,,,,,
161.381543966,142.1658695336,,,,,
162.5982940854,143.3178101264,,,,,
163.8340999163,144.4210080139,,,,,
165.0872137795,145.4689600164,,,,,
166.3558698466,146.4555949125,,,,,
167.6382848441,147.3753556996,,,,,
168.9326266303,148.2232568782,,,,,
170.2370375637,148.9949778056,,,,,
171.5496834928,149.6869514884,,,,,
172.868771121,150.2964101705,,,,,
174.1925853172,150.8214192289,,,,,
175.5194982624,151.2608752771,,,,,
176.8479936242,151.6144916358,,,,,
178.1766794781,151.8827608072,,,,,
179.5042433137,152.0668955416,,,,,
180.8294371438,152.1687793,,,,,
182.1511289457,152.190913293,,,,,
183.4683886673,152.1363366293,,,,,
184.7804864967,152.0085255155,,,,,
186.0868837672,151.8112958271,,,,,
187.3871733144,151.5487236026,,,,,
188.6811450977,151.2250534006,,,,,
189.9687960366,150.8446114158,,,,,
191.2503186581,150.4117321609,,,,,
192.526087935,149.9306982766,,,,,
193.7966207472,149.4057048465,,,,,
195.0625136119,148.8408511219,,,,,
196.3243782259,148.2401517888,,,,,
197.5828307308,147.6075351271,,,,,
198.838489851,146.9468394364,,,,,
200.0919330352,146.2618339146,,,,,
201.3437073163,145.5562130253,,,,,
202.5944503443,144.8335241405,,,,,
203.8446827404,144.0972820844,,,,,
205.0948530535,143.3509444232,,,,,
206.3453363383,142.5979084923,,,,,
207.5964712848,141.8414819315,,,,,
208.8485398272,141.0848851812,,,,,
210.1017632618,140.3312421061,,,,,
211.356357631,139.5835332539,,,,,
212.6124883612,138.8446088808,,,,,
213.8703032248,138.1171542455,,,,,
215.1299452083,137.4036675474,,,,,
216.3915412791,136.7064522038,,,,,
217.6551956432,136.0276062044,,,,,
218.9209740282,135.3690157598,,,,,
220.1889170965,134.7323333159,,,,,
221.45904839,134.1189602459,,,,,
222.73137488,133.5300348947,,,,,
224.0058894035,132.9664212527,,,,,
225.282573958,132.4286991867,,,,,
226.5614028411,131.9171569632,,,,,
227.8423453586,131.4317863129,,,,,
229.125367884,130.9722801662,,,,,
230.4104343821,130.5380333255,,,,,
231.6974886539,130.1281510717,,,,,
232.986418498,129.7414633777,,,,,
234.2770509092,129.3765296381,,,,,
235.5691807965,129.0316377957,,,,,
236.8625507744,128.7048217803,,,,,
238.1568036943,128.3938873826,,,,,
239.4514835982,128.0964286016,,,,,
240.746130745,127.809829214,,,,,
242.0402793445,127.5312937179,,,,,
243.33341537,127.2578890276,,,,,
244.624973651,126.9865799041,,,,,
245.9143045695,126.7142740353,,,,,
247.2006903066,126.4378601233,,,,,
248.4833404648,126.1542534059,,,,,
249.7613538283,125.8604516468,,,,,
251.033776784,125.553571701,,,,,
252.2995672288,125.2309078104,,,,,
253.5576817018,124.8899581995,,,,,
254.8069560173,124.5285025982,,,,,
256.0461530637,124.1446370331,,,,,
257.2740259879,123.7367948809,,,,,
258.4893089545,123.30378095,,,,,
259.6906621893,122.8448185815,,,,,
260.8766725071,122.359575736,,,,,
262.0459441361,121.8481441419,,,,,
263.1971068478,121.3110355982,,,,,
264.3288883766,120.7491362374,,,,,
265.4400785229,120.1636990808,,,,,
266.5295335323,119.5563135702,,,,,
267.596184059,118.928866941,,,,,
268.6390390325,118.2835027452,,,,,
269.657144808,117.6226056373,,,,,
270.6495388784,116.9487956745,,,,,
271.6153413303,116.2648303165,,,,,
272.5537032684,115.5735979089,,,,,
273.4638097494,114.878078519,,,,,
274.3448911287,114.1812989569,,,,,
275.1962148929,113.4863042643,,,,,
276.0172410631,112.7959935339,,,,,
276.8076886852,112.1130152873,,,,,
277.5674832482,111.4397670003,,,,,
278.2968802562,110.7782467959,,,,,
278.9965151281,110.1299662698,,,,,
279.6673711909,109.4959442549,,,,,
280.3108023866,108.8766590539,,,,,
280.9285258917,108.2720351286,,,,,
281.5225846285,107.6814668271,,,,,
282.0952837628,107.1038766388,,,,,
282.6490779671,106.5378324682,,,,,
283.1864428803,105.9816914349,,,,,
283.7097687429,105.4337292279,,,,,
284.2212988971,104.8922271969,,,,,
284.7230748676,104.3555538254,,,,,
285.2169246423,103.8222000375,,,,,
285.7044927446,103.2907667892,,,,,
286.1873588664,102.7598508763,,,,,
286.6671463481,102.2279338851,,,,,
287.1453513875,101.6935779369,,,,,
287.6232654968,101.1555243408,,,,,
288.1021583633,100.6124986925,,,,,
288.5832748397,100.0632193898,,,,,
289.0677615864,99.5064872247,,,,,
289.5567131606,98.9411394402,,,,,
290.0511726241,98.3660546484,,,,,
290.5521259978,97.7801648823,,,,,
291.0605681327,97.1823836726,,,,,
291.5775181613,96.5715916309,,,,,
292.1039936591,95.9466710884,,,,,
292.6410533301,95.3064602361,,,,,
293.1897487401,94.6498157023,,,,,
293.7510914084,93.9756587202,,,,,
294.3261048663,93.2829201772,,,,,
294.9158578014,92.5705081262,,,,,
295.5214798346,91.8372968739,,,,,
296.1440314573,91.082294331,,,,,
296.7844949651,90.3046650209,,,,,
297.4438195314,89.5036878789,,,,,
298.1229697526,88.6787103542,,,,,
298.8228541973,87.8292493461,,,,,
299.5442486352,86.955099075,,,,,
300.2878439528,86.0562872949,,,,,
301.0542106006,85.1331321406,,,,,
301.8437487969,84.1863140985,,,,,
302.6567787332,83.2167776188,,,,,
303.493546104,82.2257340678,,,,,
304.3541997639,81.214695639,,,,,
305.2387738516,80.1855001692,,,,,
306.1472180459,79.1402760901,,,,,
307.0793964722,78.0814412276,,,,,
308.0350724841,77.0117131403,,,,,
309.0139305583,75.9340727178,,,,,
310.0155849182,74.8517395002,,,,,
311.0395767184,73.7681552624,,,,,
312.0853936747,72.68693944,,,,,
313.1524977665,71.6118348172,,,,,
314.2403246372,70.5466811066,,,,,
315.348250544,69.4954154182,,,,,
316.4756049919,68.4620219971,,,,,
317.6216842989,67.4504802131,,,,,
318.7857536413,66.4647223438,,,,,
319.967045707,65.508592721,,,,,
321.164752997,64.5858102361,,,,,
322.3780163065,63.6999312771,,,,,
323.6059232495,62.8543033279,,,,,
324.8475204093,62.0520106725,,,,,
326.1018185197,61.2958293131,,,,,
327.3677968173,60.5881868014,,,,,
328.6444116531,59.931125167,,,,,
329.930608511,59.326269479,,,,,
331.2253515863,58.7747980491,,,,,
332.5276317164,58.2774342004,,,,,
333.8364794643,57.834444465,,,,,
335.1509770682,57.4456462536,,,,,
336.4702509033,57.1104284117,,,,,
337.7935237308,56.8277630917,,,,,
339.1201321927,56.5962393063,,,,,
340.4494979211,56.4141081814,,,,,
341.7811024594,56.2793227613,,,,,
343.114478993,56.1895727667,,,,,
344.4491586945,56.1423194843,,,,,
345.7847700726,56.1348231047,,,,,
347.1209953333,56.1641824426,,,,,
348.4575557235,56.2273678262,,,,,
349.7942000848,56.3212510727,,,,,
351.1307151276,56.4426351689,,,,,
352.4669066839,56.5882805254,,,,,
353.8025921741,56.7549293449,,,,,
355.1375844563,56.9393269103,,,,,
356.4717765108,57.1382562032,,,,,
357.8050084048,57.3485403603,,,,,
359.137159574,57.5670745763,,,,,
360.4681615032,57.7908466868,,,,,
361.7978988712,58.0169361436,,,,,
363.1262576671,58.2425354927,,,,,
364.4531337061,58.4649643101,,,,,
365.7784329221,58.6816799516,,,,,
367.102066188,58.8902855921,,,,,
368.4239493824,59.0885374495,,,,,
369.7440048315,59.2743505158,,,,,
371.0621620176,59.445802465,,,,,
372.3783575126,59.6011358194,,,,,
373.6925341804,59.7387585155,,,,,
375.0046401023,59.8572430824,,,,,
376.3146274687,59.9553246005,,,,,
377.6224515803,60.0318975838,,,,,
378.9280700215,60.0860119031,,,,,
380.2314420152,60.1168678576,,,,,
381.5325279384,60.1238104951,,,,,
382.8312889712,60.1063232778,,,,,
384.1276868459,60.064021195,,,,,
385.421683672,59.9966434226,,,,,
386.7132418119,59.9040456304,,,,,
388.0023237933,59.7861920381,,,,,
389.2888922446,59.6431473193,,,,,
390.572909347,59.4750685194,,,,,
391.854318683,59.2821998891,,,,,
393.1330191281,59.0648713721,,,,,
394.4089036315,58.8234873183,,,,,
395.6818608112,58.5585189718,,,,,
396.9517338182,58.2705071238,,,,,
398.218301559,57.9600638849,,,,,
399.4813207354,57.6278600581,,,,,
400.7405628885,57.2746096206,,,,,
401.9958081893,56.9010640011,,,,,
403.2468438405,56.5080060734,,,,,
404.4934698962,56.0962423864,,,,,
405.7355049699,55.6665954971,,,,,
406.9727944335,55.2198955361,,,,,
408.2052112917,54.7569745705,,,,,
409.4326116956,54.2786796359,,,,,
410.6548695387,53.7858576384,,,,,
411.8718781404,53.2793518697,,,,,
413.0835387346,52.7600047209,,,,,
414.2897563213,52.228658467,,,,,
415.4904379501,51.6861556267,,,,,
416.6854888048,51.1333407822,,,,,
417.8748176906,50.571058398,,,,,
419.0583373718,50.0001530074,,,,,
420.2359721976,49.4214659313,,,,,
421.407808895,48.8357596072,,,,,
422.5740852296,48.243718166,,,,,
423.7351823479,47.6459480742,,,,,
424.8915741608,47.0430030202,,,,,
426.0438325302,46.4353823193,,,,,
427.1926021195,45.8235463506,,,,,
428.3385760767,45.2079332529,,,,,
429.4825844251,44.5889158367,,,,,
430.6254526233,43.966883098,,,,,
431.7679001374,43.342303327,,,,,
432.9106216363,42.7156880063,,,,,
434.0543191698,42.0875814766,,,,,
435.1996252726,41.4586105618,,,,,
436.3471607226,40.8294602789,,,,,
437.4975776733,40.200857697,,,,,
438.651523122,39.5735999741,,,,,
439.8096588531,38.9485519021,,,,,
440.9727205996,38.3266235376,,,,,
442.1414773109,37.7088033005,,,,,
443.3167123523,37.0961795487,,,,,
444.4991743835,36.4899776289,,,,,
445.6895278789,35.891594766,,,,,
446.8883513661,35.3026079472,,,,,
448.0961670441,34.7247653436,,,,,
449.3133711361,34.16002388,,,,,
450.5402157734,33.6105556738,,,,,
451.7768344156,33.0787306295,,,,,
453.0232199583,32.5671166529,,,,,
454.2792752337,32.0784453925,,,,,
455.5447394044,31.6156239989,,,,,
456.819278763,31.1816774137,,,,,
458.1024622639,30.7797339877,,,,,
459.393752581,30.4129985082,,,,,
460.6925288261,30.0847112555,,,,,
461.9980865123,29.798111383,,,,,
463.3096358119,29.5563965051,,,,,
464.6263151458,29.3626761935,,,,,
465.947199838,29.2199258552,,,,,
467.2713037782,29.1309407706,,,,,
468.5975889545,29.0982891372,,,,,
469.9249684684,29.1242668317,,,,,
471.2522754339,29.2108504839,,,,,
472.5782604747,29.3596469994,,,,,
473.9015904938,29.5718444299,,,,,
475.2208536755,29.8481668716,,,,,
476.5345698415,30.1888364594,,,,,
477.8412062484,30.5935455631,,,,,
479.1391721827,31.0614319115,,,,,
480.4267920997,31.5910498154,,,,,
481.7023342083,32.1803679526,,,,,
482.9640320297,32.8267802647,,,,,
484.2100648499,33.5271075388,,,,,
485.4385942992,34.2776370433,,,,,
486.647812323,35.0741883062,,,,,
487.8359364454,35.9121604862,,,,,
489.0012075867,36.7865851887,,,,,
490.1418984451,37.6921908442,,,,,
491.2563231336,38.6234724285,,,,,
492.342845009,39.5747624375,,,,,
493.3998817622,40.5403000469,,,,,
494.4259077209,41.5142961436,,,,,
495.4194542799,42.4909931539,,,,,
496.3791109149,43.4647207509,,,,,
497.3035802407,44.4300033691,,,,,
498.1918410401,45.381787397,,,,,
499.0433647476,46.3157432348,,,,,
499.8583406595,47.2285931686,,,,,
500.6374385004,48.1179156553,,,,,
501.3814247804,48.9817293346,,,,,
502.0915453032,49.8189339041,,,,,
502.7696522447,50.6294769434,,,,,
503.4180937238,51.4142327437,,,,,
504.0395353583,52.1747790404,,,,,
504.6368296925,52.913215193,,,,,
505.2129893238,53.6321010632,,,,,
505.7711674982,54.3344056601,,,,,
506.3143531553,55.0230938596,,,,,
506.8451816327,55.7008483086,,,,,
507.3659567666,56.3700601983,,,,,
507.8788036462,57.0329964957,,,,,
508.3855824117,57.6916668802,,,,,
508.8878788718,58.3477908869,,,,,
509.3871346885,59.0029512972,,,,,
509.8846906201,59.6586395237,,,,,
510.3817283593,60.3161692895,,,,,
510.879233145,60.9766173443,,,,,
511.3780795014,61.6409287063,,,,,
511.8790916648,62.3099912178,,,,,
512.3830151207,62.984592802,,,,,
512.8904962493,63.665389442,,,,,
513.4020731451,64.3528883787,,,,,
513.9181651567,65.0474300864,,,,,
514.4391183278,65.749246185,,,,,
514.9652301646,66.4584904431,,,,,
515.4967406794,67.1752248042,,,,,
516.0338512977,67.899443317,,,,,
516.5767219688,68.6310670092,,,,,
517.1254680042,69.3699387106,,,,,
517.6801677593,70.1158328203,,,,,
518.2408938764,70.8684969343,,,,,
518.8077211234,71.6276618996,,,,,
519.3807286098,72.3930442624,,,,,
519.9600860735,73.1644604119,,,,,
520.5460313461,73.9417939485,,,,,
521.1387918655,74.7248892218,,,,,
521.738574472,75.5135368321,,,,,
522.3455796693,76.3074915966,,,,,
522.9599905138,77.1064571795,,,,,
523.5819584419,77.910067455,,,,,
524.2115971057,78.7178791444,,,,,
524.8489981873,79.5293931108,,,,,
525.4942710832,80.3441051254,,,,,
526.1475493232,81.1615127594,,,,,
526.8090089352,81.9811364159,,,,,
527.4788559337,82.802501064,,,,,
528.15725162,83.6250436765,,,,,
528.8443545526,84.4481660054,,,,,
529.5402982559,85.2712085835,,,,,
530.2451906147,86.0934522412,,,,,
530.959116445,86.9141237815,,,,,
531.6821152243,87.7323739817,,,,,
532.4142678799,88.5473789578,,,,,
533.1557956462,89.3584450504,,,,,
533.9071138783,90.1650533141,,,,,
534.6688168854,90.9668237895,,,,,
535.4416317774,91.7634481403,,,,,
536.2263651279,92.5546196574,,,,,
537.0238972601,93.3400159696,,,,,
537.8350967975,94.1192064519,,,,,
538.6607190199,94.8915573513,,,,,
539.5013633261,95.6562066792,,,,,
540.3575288327,96.4121334073,,,,,
541.2297100763,97.1582537419,,,,,
542.1183483658,97.8933856,,,,,
543.0237720561,98.6162138633,,,,,
543.9462729075,99.3253703861,,,,,
544.8861852812,100.0195040313,,,,,
545.8439021075,100.6972933337,,,,,
546.8198630036,101.3574382497,,,,,
547.8145555262,101.9986629392,,,,,
548.8284714946,102.6196921973,,,,,
549.8620348566,103.2192211617,,,,,
550.9155607284,103.7959167615,,,,,
551.9892009418,104.3484215747,,,,,
553.0830461949,104.8754420147,,,,,
554.1970767341,105.3757510116,,,,,
555.3310781596,105.8481859126,,,,,
556.484643666,106.291693198,,,,,
557.6572571848,106.7053974463,,,,,
558.8482922214,107.0886253843,,,,,
560.0569495875,107.4409093443,,,,,
561.2822901651,107.7620204431,,,,,
562.5232671812,108.0519899255,,,,,
563.7787349868,108.3111143839,,,,,
565.0474600458,108.539953795,,,,,
566.3281337386,108.7393221033,,,,,
567.6193694404,108.9102684209,,,,,
568.9197289693,109.0540564703,,,,,
570.2277453602,109.1721361105,,,,,
571.5419625751,109.2661103455,,,,,
572.8609630111,109.3376961923,,,,,
574.1833960673,109.38868337,,,,,
575.5079682599,109.420891824,,,,,
576.8334738516,109.4361334793,,,,,
578.1588089014,109.4361758427,,,,,
579.483024971,109.4227090459,,,,,
580.8053610203,109.3973160043,,,,,
582.125234093,109.3614486019,,,,,
583.4422408252,109.316410104,,,,,
584.7561514705,109.2633433625,,,,,
586.0669129353,109.2032235922,,,,,
587.3746526394,109.1368550016,,,,,
588.6796541272,109.0648721437,,,,,
589.9823147422,108.9877453459,,,,,
591.2830720151,108.9057906544,,,,,
592.5823726048,108.8191793022,,,,,
593.8806708743,108.7279461197,,,,,
595.1784401494,108.6319973174,,,,,
596.4761287968,108.5311226827,,,,,
597.7740526482,108.4250144345,,,,,
599.0724507358,108.3132749583,,,,,
600.3716286374,108.195415874,,,,,
601.6718108004,108.070882238,,,,,
602.973197663,107.9390606162,,,,,
604.2759804071,107.7992908163,,,,,
605.5803221691,107.6508816769,,,,,
606.8863419181,107.4931279186,,,,,
608.1940860342,107.3253300377,,,,,
609.5036173493,107.1467998124,,,,,
610.8149775281,106.9568808278,,,,,
612.1282306622,106.7549582202,,,,,
613.4433885348,106.5404859186,,,,,
614.7604492061,106.3129978925,,,,,
616.0794073107,106.0721223009,,,,,
617.4002279976,105.8176017439,,,,,
618.7228706432,105.5493040852,,,,,
620.0472841763,105.2672371564,,,,,
621.3734056406,104.9715619233,,,,,
622.7011656735,104.6626028067,,,,,
624.0304957981,104.3408557603,,,,,
625.3613385868,104.0069935968,,,,,
626.6935945241,103.6618857431,,,,,
628.0272024543,103.3065824495,,,,,
629.3620744468,102.942333713,,,,,
630.6981516476,102.5705746589,,,,,
632.0353588102,102.1929359229,,,,,
633.3736207502,101.811235301,,,,,
634.7128617968,101.427471696,,,,,
636.0530073294,101.0438162816,,,,,
637.3939781309,100.6626035547,,,,,
638.7356880458,100.2863192287,,,,,
640.0780455258,99.9175848093,,,,,
641.4209537337,99.5591404741,,,,,
642.7643109132,99.2138258867,,,,,
644.1080176745,98.8845575285,,,,,
645.4519632987,98.5743096878,,,,,
646.7959975427,98.2860957283,,,,,
648.1399884977,98.0229285313,,,,,
649.4837338556,97.7878103654,,,,,
650.8270111499,97.5836904846,,,,,
652.1695460202,97.4134373527,,,,,
653.5110010374,97.279803165,,,,,
654.8509906355,97.1853838184,,,,,
656.1890520309,97.1325819427,,,,,
657.5246815321,97.1235649735,,,,,
658.85729957,97.1602278839,,,,,
660.1862614805,97.2441538761,,,,,
661.5108492067,97.3765771919,,,,,
662.8303576531,97.5583619348,,,,,
664.1440251223,97.7899743385,,,,,
665.4510991506,98.0714757511,,,,,
666.7509316358,98.4025444393,,,,,
668.0430383519,98.7825143925,,,,,
669.3271136639,99.2104174448,,,,,
670.6029966586,99.6850135284,,,,,
671.8706896561,100.2048378095,,,,,
673.1304125433,100.7682695626,,,,,
674.3826081845,101.3735874801,,,,,
675.6279009615,102.0189979121,,,,,
676.8670246904,102.7026327907,,,,,
678.1007470812,103.422526877,,,,,
679.3298177859,104.176592325,,,,,
680.5549567217,104.9626085611,,,,,
681.7768323576,105.7782025206,,,,,
682.9960139572,106.6208071545,,,,,
684.2130048459,107.4876732595,,,,,
685.4282820465,108.3758922324,,,,,
686.6422457599,109.2823562539,,,,,
687.8551765131,110.2037214481,,,,,
689.0673031673,111.13645775,,,,,
690.2788058898,112.0768558046,,,,,
691.4898094866,113.0210290867,,,,,
692.7004101489,113.9649448661,,,,,
693.9106734059,114.9044353467,,,,,
695.1206219382,115.8352031318,,,,,
696.3302315304,116.7528358344,,,,,
697.5394965328,117.6528750231,,,,,
698.7484018183,118.5308133998,,,,,
699.9569260489,119.3821168894,,,,,
701.1650523971,120.2022518687,,,,,
702.3727608864,120.9866991702,,,,,
702.4727608864,,,,,,
702.5727608864,,,,,,
702.6727608864,,,,,,
702.7727608864,,,,,,
702.8727608864,,,,,,
702.9727608864,,,,,,
703.0727608864,,,,,,
703.1727608864,,,,,,
703.2727608864,,,,,,
703.3727608864,,,,,,
703.4727608864,,,,,,
703.5727608864,,,,,,
703.6727608864,,,,,,
703.7727608864,,,,,,
703.8727608864,,,,,,
703.9727608864,,,,,,
704.0727608864,,,,,,
704.1727608864,,,,,,
704.2727608864,,,,,,
704.3727608864,,,,,,
704.4727608864,,,,,,
704.5727608864,,,,,,
704.6727608864,,,,,,
704.7727608864,,,,,,
704.8727608864,,,,,,
704.9727608864,,,,,,
705.0727608864,,,,,,
705.1727608864,,,,,,
705.2727608864,,,,,,
705.3727608864,,,,,,
705.4727608864,,,,,,
705.5727608864,,,,,,
705.6727608864,,,,,,
705.7727608864,,,,,,
705.8727608864,,,,,,
705.9727608864,,,,,,
706.0727608864,,,,,,
706.1727608864,,,,,,
706.2727608864,,,,,,
706.3727608864,,,,,,
706.4727608864,,,,,,
706.5727608864,,,,,,
706.6727608864,,,,,,
706.7727608864,,,,,,
706.8727608864,,,,,,
706.9727608864,,,,,,
707.0727608864,,,,,,
707.1727608864,,,,,,
707.2727608864,,,,,,
707.3727608864,,,,,,
707.4727608864,,,,,,
707.5727608864,,,,,,
707.6727608864,,,,,,
707.7727608864,,,,,,
707.8727608864,,,,,,
707.9727608864,,,,,,
708.0727608864,,,,,,
708.1727608864,,,,,,
708.2727608864,,,,,,
708.3727608864,,,,,,
708.4727608864,,,,,,
708.5727608864,,,,,,
708.6727608864,,,,,,
708.7727608864,,,,,,
708.8727608864,,,,,,
708.9727608864,,,,,,
709.0727608864,,,,,,
709.1727608864,,,,,,
709.2727608864,,,,,,
709.3727608864,,,,,,
709.4727608864,,,,,,
709.5727608864,,,,,,
709.6727608864,,,,,,
709.7727608864,,,,,,
709.8727608864,,,,,,
709.9727608864,,,,,,
710.0727608864,,,,,,
710.1727608864,,,,,,
710.2727608864,,,,,,
710.3727608864,,,,,,
710.4727608864,,,,,,
710.5727608864,,,,,,
710.6727608864,,,,,,
710.7727608864,,,,,,
710.8727608864,,,,,,
710.9727608864,,,,,,
711.0727608864,,,,,,
711.1727608864,,,,,,
711.2727608864,,,,,,
711.3727608864,,,,,,
711.4727608864,,,,,,
711.5727608864,,,,,,
711.6727608864,,,,,,
711.7727608864,,,,,,
711.8727608864,,,,,,
711.9727608864,,,,,,
712.0727608864,,,,,,
712.1727608864,,,,,,
712.2727608864,,,,,,
712.3727608864,,,,,,
712.4727608864,,,,,,
712.5727608864,,,,,,
712.6727608864,,,,,,
712.7727608864,,,,,,
712.8727608864,,,,,,
712.9727608864,,,,,,
713.0727608864,,,,,,
713.1727608864,,,,,,
713.2727608864,,,,,,
713.3727608864,,,,,,
713.4727608864,,,,,,
713.5727608864,,,,,,
713.6727608864,,,,,,
713.7727608864,,,,,,
713.8727608864,,,,,,
713.9727608864,,,,,,
714.0727608864,,,,,,
714.1727608864,,,,,,
714.2727608864,,,,,,
714.3727608864,,,,,,
714.4727608864,,,,,,
714.5727608864,,,,,,
714.6727608864,,,,,,
714.7727608864,,,,,,
714.8727608864,,,,,,
714.9727608864,,,,,,
715.0727608864,,,,,,
715.1727608864,,,,,,
715.2727608864,,,,,,
715.3727608864,,,,,,
715.4727608864,,,,,,
715.5727608864,,,,,,
715.6727608864,,,,,,
715.7727608864,,,,,,
715.8727608864,,,,,,
715.9727608864,,,,,,
716.0727608864,,,,,,
716.1727608864,,,,,,
716.2727608864,,,,,,
716.3727608864,,,,,,
716.4727608864,,,,,,
716.5727608864,,,,,,
716.6727608864,,,,,,
716.7727608864,,,,,,
716.8727608864,,,,,,
716.9727608864,,,,,,
717.0727608864,,,,,,
717.1727608864,,,,,,
717.2727608864,,,,,,
717.3727608864,,,,,,
717.4727608864,,,,,,
717.5727608864,,,,,,
717.6727608864,,,,,,
717.7727608864,,,,,,
717.8727608864,,,,,,
717.9727608864,,,,,,
718.0727608864,,,,,,
718.1727608864,,,,,,
718.2727608864,,,,,,
718.3727608864,,,,,,
718.4727608864,,,,,,
718.5727608864,,,,,,
718.6727608864,,,,,,
718.7727608864,,,,,,
718.8727608864,,,,,,
718.9727608864,,,,,,
719.0727608864,,,,,,
719.1727608864,,,,,,
719.2727608864,,,,,,
719.3727608864,,,,,,
719.4727608864,,,,,,
719.5727608864,,,,,,
719.6727608864,,,,,,
719.7727608864,,,,,,
719.8727608864,,,,,,
719.9727608864,,,,,,
720.0727608864,,,,,,
720.1727608864,,,,,,
720.2727608864,,,,,,
720.3727608864,,,,,,
720.4727608864,,,,,,
720.5727608864,,,,,,
720.6727608864,,,,,,
720.7727608864,,,,,,
720.8727608864,,,,,,
720.9727608864,,,,,,
721.0727608864,,,,,,
721.1727608864,,,,,,
721.2727608864,,,,,,
721.3727608864,,,,,,
721.4727608864,,,,,,
721.5727608864,,,,,,
721.6727608864,,,,,,
721.7727608864,,,,,,
721.8727608864,,,,,,
721.9727608864,,,,,,
722.0727608864,,,,,,
722.1727608864,,,,,,
722.2727608864,,,,,,
722.3727608864,,,,,,
722.4727608864,,,,,,
722.5727608864,,,,,,
722.6727608864,,,,,,
722.7727608864,,,,,,
722.8727608864,,,,,,
722.9727608864,,,,,,
723.0727608864,,,,,,
723.1727608864,,,,,,
723.2727608864,,,,,,
723.3727608864,,,,,,
723.4727608864,,,,,,
723.5727608864,,,,,,
723.6727608864,,,,,,
723.7727608864,,,,,,
723.8727608864,,,,,,
723.9727608864,,,,,,
724.0727608864,,,,,,
724.1727608864,,,,,,
724.2727608864,,,,,,
724.3727608864,,,,,,
724.4727608864,,,,,,
724.5727608864,,,,,,
724.6727608864,,,,,,
724.7727608864,,,,,,
724.8727608864,,,,,,
724.9727608864,,,,,,
725.0727608864,,,,,,
725.1727608864,,,,,,
725.2727608864,,,,,,
725.3727608864,,,,,,
725.4727608864,,,,,,
725.5727608864,,,,,,
725.6727608864,,,,,,
725.7727608864,,,,,,
725.8727608864,,,,,,
725.9727608864,,,,,,
726.0727608864,,,,,,
726.1727608864,,,,,,
726.2727608864,,,,,,
726.3727608864,,,,,,
726.4727608864,,,,,,
726.5727608864,,,,,,
726.6727608864,,,,,,
726.7727608864,,,,,,
726.8727608864,,,,,,
726.9727608864,,,,,,
727.0727608864,,,,,,
727.1727608864,,,,,,
727.2727608864,,,,,,
727.3727608864,,,,,,
727.4727608864,,,,,,
727.5727608864,,,,,,
727.6727608864,,,,,,
727.7727608864,,,,,,
727.8727608864,,,,,,
727.9727608864,,,,,,
728.0727608864,,,,,,
728.1727608864,,,,,,
728.2727608864,,,,,,
728.3727608864,,,,,,
728.4727608864,,,,,,
728.5727608864,,,,,,
728.6727608864,,,,,,
728.7727608864,,,,,,
728.8727608864,,,,,,
728.9727608864,,,,,,
729.0727608864,,,,,,
729.1727608864,,,,,,
729.2727608864,,,,,,
729.3727608864,,,,,,
729.4727608864,,,,,,
729.5727608864,,,,,,
729.6727608864,,,,,,
729.7727608864,,,,,,
729.8727608864,,,,,,
729.9727608864,,,,,,
730.0727608864,,,,,,
730.1727608864,,,,,,
730.2727608864,,,,,,
730.3727608864,,,,,,
730.4727608864,,,,,,
730.5727608864,,,,,,
730.6727608864,,,,,,
730.7727608864,,,,,,
730.8727608864,,,,,,
730.9727608864,,,,,,
731.0727608864,,,,,,
731.1727608864,,,,,,
731.2727608864,,,,,,
731.3727608864,,,,,,
731.4727608864,,,,,,
731.5727608864,,,,,,
731.6727608864,,,,,,
731.7727608864,,,,,,
731.8727608864,,,,,,
731.9727608864,,,,,,
732.0727608864,,,,,,
732.1727608864,,,,,,
732.2727608864,,,,,,
732.3727608864,,,,,,
732.4727608864,,,,,,
732.5727608864,,,,,,
732.6727608864,,,,,,
732.7727608864,,,,,,
732.8727608864,,,,,,
732.9727608864,,,,,,
733.0727608864,,,,,,
733.1727608864,,,,,,
733.2727608864,,,,,,
733.3727608864,,,,,,
733.4727608864,,,,,,
733.5727608864,,,,,,
733.6727608864,,,,,,
733.7727608864,,,,,,
733.8727608864,,,,,,
733.9727608864,,,,,,
734.0727608864,,,,,,
734.1727608864,,,,,,
734.2727608864,,,,,,
734.3727608864,,,,,,
734.4727608864,,,,,,
734.5727608864,,,,,,
734.6727608864,,,,,,
734.7727608864,,,,,,
734.8727608864,,,,,,
734.9727608864,,,,,,
735.0727608864,,,,,,
735.1727608864,,,,,,
735.2727608864,,,,,,
735.3727608864,,,,,,
735.4727608864,,,,,,
735.5727608864,,,,,,
735.6727608864,,,,,,
735.7727608864,,,,,,
735.8727608864,,,,,,
735.9727608864,,,,,,
736.0727608864,,,,,,
736.1727608864,,,,,,
736.2727608864,,,,,,
736.3727608864,,,,,,
736.4727608864,,,,,,
736.5727608864,,,,,,
736.6727608864,,,,,,
736.7727608864,,,,,,
736.8727608864,,,,,,
736.9727608864,,,,,,
737.0727608864,,,,,,
737.1727608864,,,,,,
737.2727608864,,,,,,
737.3727608864,,,,,,
737.4727608864,,,,,,
737.5727608864,,,,,,
737.6727608864,,,,,,
737.7727608864,,,,,,
737.8727608864,,,,,,
737.9727608864,,,,,,
738.0727608864,,,,,,
738.1727608864,,,,,,
738.2727608864,,,,,,
738.3727608864,,,,,,
738.4727608864,,,,,,
738.5727608864,,,,,,
738.6727608864,,,,,,
738.7727608864,,,,,,
738.8727608864,,,,,,
738.9727608864,,,,,,
739.0727608864,,,,,,
739.1727608864,,,,,,
739.2727608864,,,,,,
739.3727608864,,,,,,
739.4727608864,,,,,,
739.5727608864,,,,,,
739.6727608864,,,,,,
739.7727608864,,,,,,
739.8727608864,,,,,,
739.9727608864,,,,,,
740.0727608864,,,,,,
740.1727608864,,,,,,
740.2727608864,,,,,,
740.3727608864,,,,,,
740.4727608864,,,,,,
740.5727608864,,,,,,
740.6727608864,,,,,,
740.7727608864,,,,,,
740.8727608864,,,,,,
740.9727608864,,,,,,
741.0727608864,,,,,,
741.1727608864,,,,,,
741.2727608864,,,,,,
741.3727608864,,,,,,
741.4727608864,,,,,,
741.5727608864,,,,,,
741.6727608864,,,,,,
741.7727608864,,,,,,
741.8727608864,,,,,,
741.9727608864,,,,,,
742.0727608864,,,,,,
742.1727608864,,,,,,
742.2727608864,,,,,,
742.3727608864,,,,,,
742.4727608864,,,,,,
742.5727608864,,,,,,
742.6727608864,,,,,,
742.7727608864,,,,,,
742.8727608864,,,,,,
742.9727608864,,,,,,
743.0727608864,,,,,,
743.1727608864,,,,,,
743.2727608864,,,,,,
743.3727608864,,,,,,
743.4727608864,,,,,,
743.5727608864,,,,,,
743.6727608864,,,,,,
743.7727608864,,,,,,
743.8727608864,,,,,,
743.9727608864,,,,,,
744.0727608864,,,,,,
744.1727608864,,,,,,
744.2727608864,,,,,,
744.3727608864,,,,,,
744.4727608864,,,,,,
744.5727608864,,,,,,
744.6727608864,,,,,,
744.7727608864,,,,,,
744.8727608864,,,,,,
744.9727608864,,,,,,
745.0727608864,,,,,,
745.1727608864,,,,,,
745.2727608864,,,,,,
745.3727608864,,,,,,
745.4727608864,,,,,,
745.5727608864,,,,,,
745.6727608864,,,,,,
745.7727608864,,,,,,
745.8727608864,,,,,,
745.9727608864,,,,,,
746.0727608864,,,,,,
746.1727608864,,,,,,
746.2727608864,,,,,,
746.3727608864,,,,,,
746.4727608864,,,,,,
746.5727608864,,,,,,
746.6727608864,,,,,,
746.7727608864,,,,,,
746.8727608864,,,,,,
746.9727608864,,,,,,
747.0727608864,,,,,,
747.1727608864,,,,,,
747.2727608864,,,,,,
747.3727608864,,,,,,
747.4727608864,,,,,,
747.5727608864,,,,,,
747.6727608864,,,,,,
747.7727608864,,,,,,
747.8727608864,,,,,,
747.9727608864,,,,,,
748.0727608864,,,,,,
748.1727608864,,,,,,
748.2727608864,,,,,,
748.3727608864,,,,,,
748.4727608864,,,,,,
748.5727608864,,,,,,
748.6727608864,,,,,,
748.7727608864,,,,,,
748.8727608864,,,,,,
748.9727608864,,,,,,
749.0727608864,,,,,,
749.1727608864,,,,,,
749.2727608864,,,,,,
749.3727608864,,,,,,
749.4727608864,,,,,,
749.5727608864,,,,,,
749.6727608864,,,,,,
749.7727608864,,,,,,
749.8727608864,,,,,,
749.9727608864,,,,,,
750.0727608864,,,,,,
750.1727608864,,,,,,
750.2727608864,,,,,,
750.3727608864,,,,,,
750.4727608864,,,,,,
750.5727608864,,,,,,
750.6727608864,,,,,,
750.7727608864,,,,,,
750.8727608864,,,,,,
750.9727608864,,,,,,
751.0727608864,,,,,,
751.1727608864,,,,,,
751.2727608864,,,,,,
751.3727608864,,,,,,
751.4727608864,,,,,,
751.5727608864,,,,,,
751.6727608864,,,,,,
751.7727608864,,,,,,
751.8727608864,,,,,,
751.9727608864,,,,,,
752.0727608864,,,,,,
752.1727608864,,,,,,
752.2727608864,,,,,,
752.3727608864,,,,,,
752.4727608864,,,,,,
752.5727608864,,,,,,
752.6727608864,,,,,,
752.7727608864,,,,,,
752.8727608864,,,,,,
752.9727608864,,,,,,
753.0727608864,,,,,,
753.1727608864,,,,,,
753.2727608864,,,,,,
753.3727608864,,,,,,
753.4727608864,,,,,,
753.5727608864,,,,,,
753.6727608864,,,,,,
753.7727608864,,,,,,
753.8727608864,,,,,,
753.9727608864,,,,,,
754.0727608864,,,,,,
754.1727608864,,,,,,
754.2727608864,,,,,,
754.3727608864,,,,,,
754.4727608864,,,,,,
754.5727608864,,,,,,
754.6727608864,,,,,,
754.7727608864,,,,,,
754.8727608864,,,,,,
754.9727608864,,,,,,
755.0727608864,,,,,,
755.1727608864,,,,,,
755.2727608864,,,,,,
755.3727608864,,,,,,
755.4727608864,,,,,,
755.5727608864,,,,,,
755.6727608864,,,,,,
755.7727608864,,,,,,
755.8727608864,,,,,,
755.9727608864,,,,,,
756.0727608864,,,,,,
756.1727608864,,,,,,
756.2727608864,,,,,,
756.3727608864,,,,,,
756.4727608864,,,,,,
756.5727608864,,,,,,
756.6727608864,,,,,,
756.7727608864,,,,,,
756.8727608864,,,,,,
756.9727608864,,,,,,
757.0727608864,,,,,,
757.1727608864,,,,,,
757.2727608864,,,,,,
757.3727608864,,,,,,
757.4727608864,,,,,,
757.5727608864,,,,,,
757.6727608864,,,,,,
757.7727608864,,,,,,
757.8727608864,,,,,,
757.9727608864,,,,,,
758.0727608864,,,,,,
758.1727608864,,,,,,
758.2727608864,,,,,,
758.3727608864,,,,,,
758.4727608864,,,,,,
758.5727608864,,,,,,
758.6727608864,,,,,,
758.7727608864,,,,,,
758.8727608864,,,,,,
758.9727608864,,,,,,
759.0727608864,,,,,,
759.1727608864,,,,,,
759.2727608864,,,,,,
759.3727608864,,,,,,
759.4727608864,,,,,,
759.5727608864,,,,,,
759.6727608864,,,,,,
759.7727608864,,,,,,
759.8727608864,,,,,,
759.9727608864,,,,,,
760.0727608864,,,,,,
760.1727608864,,,,,,
760.2727608864,,,,,,
760.3727608864,,,,,,
760.4727608864,,,,,,
760.5727608864,,,,,,
760.6727608864,,,,,,
760.7727608864,,,,,,
760.8727608864,,,,,,
760.9727608864,,,,,,
761.0727608864,,,,,,
761.1727608864,,,,,,
761.2727608864,,,,,,
761.3727608864,,,,,,
761.4727608864,,,,,,
761.5727608864,,,,,,
761.6727608864,,,,,,
761.7727608864,,,,,,
761.8727608864,,,,,,
761.9727608864,,,,,,
762.0727608864,,,,,,
762.1727608864,,,,,,
762.2727608864,,,,,,
762.3727608864,,,,,,
762.4727608864,,,,,,
762.5727608864,,,,,,
762.6727608864,,,,,,
762.7727608864,,,,,,
762.8727608864,,,,,,
762.9727608864,,,,,,
763.0727608864,,,,,,
763.1727608864,,,,,,
763.2727608864,,,,,,
763.3727608864,,,,,,
763.4727608864,,,,,,
763.5727608864,,,,,,
763.6727608864,,,,,,
